source_iri	canonical_iri	kind	class	swap	neg
http://honk.org/src#cn.Antonym	http://honk.org/canon#neqTo	edge	nonidentity		
http://honk.org/src#cn.AtLocation	http://honk.org/canon#atLocation	edge	identity		
http://honk.org/src#cn.CapableOf	http://honk.org/canon#capableOf	edge	identity		
http://honk.org/src#cn.Causes	http://honk.org/canon#causes	edge	identity		
http://honk.org/src#cn.CausesDesire	http://honk.org/canon#causesDesire	edge	identity		
http://honk.org/src#cn.CreatedBy	http://honk.org/canon#createdBy	edge	identity		
http://honk.org/src#cn.DefinedAs	http://honk.org/canon#definedAs	edge	identity		
http://honk.org/src#cn.DerivedFrom	http://honk.org/canon#derivedFrom	edge	identity		
http://honk.org/src#cn.Desires	http://honk.org/canon#desires	edge	identity		
http://honk.org/src#cn.DistinctFrom	http://honk.org/canon#neqTo	edge	nonidentity		
http://honk.org/src#cn.Entails	http://honk.org/canon#entails	edge	identity		
http://honk.org/src#cn.EtymologicallyDerivedFrom	http://honk.org/canon#etymology	edge	nonidentity		
http://honk.org/src#cn.EtymologicallyRelatedTo	http://honk.org/canon#relatedTo	edge	nonidentity		
http://honk.org/src#cn.FormOf	http://honk.org/canon#formOf	edge	identity		
http://honk.org/src#cn.HasA	http://honk.org/canon#hasA	edge	identity		
http://honk.org/src#cn.HasContext	http://honk.org/canon#hasContext	edge	identity		
http://honk.org/src#cn.HasFirstSubevent	http://honk.org/canon#hasFirstSubevent	edge	identity		
http://honk.org/src#cn.HasLastSubevent	http://honk.org/canon#hasLastSubevent	edge	identity		
http://honk.org/src#cn.HasPrerequisite	http://honk.org/canon#hasPrerequisite	edge	identity		
http://honk.org/src#cn.HasProperty	http://honk.org/canon#hasProperty	edge	identity		
http://honk.org/src#cn.HasSubevent	http://honk.org/canon#hasSubevent	edge	identity		
http://honk.org/src#cn.InstanceOf	http://honk.org/canon#isA	edge	nonidentity		
http://honk.org/src#cn.IsA	http://honk.org/canon#isA	edge	identity		
http://honk.org/src#cn.LocatedNear	http://honk.org/canon#locatedNear	edge	identity		
http://honk.org/src#cn.MadeOf	http://honk.org/canon#madeOf	edge	identity		
http://honk.org/src#cn.MannerOf	http://honk.org/canon#mannerOf	edge	identity		
http://honk.org/src#cn.MotivatedByGoal	http://honk.org/canon#motivatedByGoal	edge	identity		
http://honk.org/src#cn.NotCapableOf	http://honk.org/canon#capableOf	edge	nonidentity		neg
http://honk.org/src#cn.NotDesires	http://honk.org/canon#desires	edge	nonidentity		neg
http://honk.org/src#cn.NotHasProperty	http://honk.org/canon#hasProperty	edge	nonidentity		neg
http://honk.org/src#cn.PartOf	http://honk.org/canon#partOf	edge	identity		
http://honk.org/src#cn.ReceivesAction	http://honk.org/canon#receivesAction	edge	identity		
http://honk.org/src#cn.RelatedTo	http://honk.org/canon#relatedTo	edge	identity		
http://honk.org/src#cn.SimilarTo	http://honk.org/canon#relatedTo	edge	nonidentity		
http://honk.org/src#cn.SymbolOf	http://honk.org/canon#symbolOf	edge	identity		
http://honk.org/src#cn.Synonym	http://honk.org/canon#eq	edge	nonidentity		
http://honk.org/src#cn.UsedFor	http://honk.org/canon#usedFor	edge	identity		
http://honk.org/src#cn.n	http://honk.org/canon#Noun	pos	nonidentity		
http://honk.org/src#cn.v	http://honk.org/canon#Verb	pos	nonidentity		
http://honk.org/src#cn.a	http://honk.org/canon#Adjective	pos	nonidentity		
http://honk.org/src#cn.s	http://honk.org/canon#Adjective	pos	nonidentity		
http://honk.org/src#cn.r	http://honk.org/canon#Adverb	pos	nonidentity		
http://honk.org/src#cn.c	http://honk.org/canon#Concept	pos	nonidentity		
http://honk.org/src#wk.antonyms	http://honk.org/canon#neqTo	edge	nonidentity		
http://honk.org/src#wk.derived	http://honk.org/canon#derivedFrom	edge	nonidentity	swap	
http://honk.org/src#wk.hypernyms	http://honk.org/canon#isA	edge	nonidentity		
http://honk.org/src#wk.hyponyms	http://honk.org/canon#isA	edge	nonidentity	swap	
http://honk.org/src#wk.related	http://honk.org/canon#relatedTo	edge	nonidentity		
http://honk.org/src#wk.synonyms	http://honk.org/canon#eq	edge	nonidentity		
http://honk.org/src#wk.form_of	http://honk.org/canon#formOf	edge	nonidentity		
http://honk.org/src#wk.alt_of	http://honk.org/canon#formOf	edge	nonidentity		
http://honk.org/src#wk.meronyms	http://honk.org/canon#partOf	edge	nonidentity	swap	
http://honk.org/src#wk.holonyms	http://honk.org/canon#partOf	edge	nonidentity		
http://honk.org/src#wk.troponyms	http://honk.org/canon#mannerOf	edge	nonidentity	swap	
http://honk.org/src#wk.affix	http://honk.org/canon#Affix	pos	identity		
http://honk.org/src#wk.circumfix	http://honk.org/canon#Circumfix	pos	identity		
http://honk.org/src#wk.adj	http://honk.org/canon#Adjective	pos	nonidentity		
http://honk.org/src#wk.Adj	http://honk.org/canon#Adjective	pos	nonidentity		
http://honk.org/src#wk.adjective	http://honk.org/canon#Adjective	pos	identity		
http://honk.org/src#wk.pron	http://honk.org/canon#Pronoun	pos	nonidentity		
http://honk.org/src#wk.name	http://honk.org/canon#Pronoun	pos	nonidentity		
http://honk.org/src#wk.noun	http://honk.org/canon#Noun	pos	identity		
http://honk.org/src#wk.character	http://honk.org/canon#Character	pos	identity		
http://honk.org/src#wk.verb	http://honk.org/canon#Verb	pos	identity		
http://honk.org/src#wk.adv	http://honk.org/canon#Adverb	pos	nonidentity		
http://honk.org/src#wk.Adv	http://honk.org/canon#Adverb	pos	nonidentity		
http://honk.org/src#wk.intj	http://honk.org/canon#Interjection	pos	nonidentity		
http://honk.org/src#wk.prep	http://honk.org/canon#Preposition	pos	nonidentity		
http://honk.org/src#wk.combining_form	http://honk.org/canon#CombiningForm	pos	nonidentity		
http://honk.org/src#wk.postp	http://honk.org/canon#Postposition	pos	nonidentity		
http://honk.org/src#wk.prep_phrase	http://honk.org/canon#PrepositionalPhrase	pos	nonidentity		
http://honk.org/src#wk.conj	http://honk.org/canon#Conjunction	pos	nonidentity		
http://honk.org/src#wk.det	http://honk.org/canon#Determiner	pos	nonidentity		
http://honk.org/src#wk.punct	http://honk.org/canon#Punctuation	pos	nonidentity		
http://honk.org/src#wk.num	http://honk.org/canon#Number	pos	nonidentity		
http://honk.org/src#wk.adv_phrase	http://honk.org/canon#AdverbialPhrase	pos	nonidentity		
http://honk.org/src#wk.symbol	http://honk.org/canon#Symbol	pos	identity		
http://honk.org/src#wk.prefix	http://honk.org/canon#Prefix	pos	identity		
http://honk.org/src#wk.particle	http://honk.org/canon#Particle	pos	identity		
http://honk.org/src#wk.article	http://honk.org/canon#Article	pos	identity		
http://honk.org/src#wk.phrase	http://honk.org/canon#Phrase	pos	identity		
http://honk.org/src#wk.suffix	http://honk.org/canon#Suffix	pos	identity		
http://honk.org/src#wk.proverb	http://honk.org/canon#Proverb	pos	identity		
http://honk.org/src#wk.contraction	http://honk.org/canon#Contraction	pos	identity		
http://honk.org/src#wk.infix	http://honk.org/canon#Infix	pos	identity		
http://honk.org/src#wk.interfix	http://honk.org/canon#Interfix	pos	identity		
http://honk.org/src#wn.antonym	http://honk.org/canon#neqTo	edge	nonidentity		
http://honk.org/src#wn.attribute	http://honk.org/canon#hasProperty	edge	nonidentity		
http://honk.org/src#wn.domain_member_region	http://honk.org/canon#relatedTo	edge	nonidentity		
http://honk.org/src#wn.domain_member_category	http://honk.org/canon#relatedTo	edge	nonidentity		
http://honk.org/src#wn.hypernym	http://honk.org/canon#isA	edge	nonidentity		
http://honk.org/src#wn.instance_hypernym	http://honk.org/canon#isA	edge	nonidentity		
http://honk.org/src#wn.hyponym	http://honk.org/canon#isA	edge	nonidentity	swap	
http://honk.org/src#wn.instance_hyponym	http://honk.org/canon#instanceOf	edge	nonidentity	swap	
http://honk.org/src#wn.compositeFormWith	http://honk.org/canon#compositeFormWith	edge	identity		
http://honk.org/src#wn.member_holonym	http://honk.org/canon#partOf	edge	nonidentity	swap	
http://honk.org/src#wn.substance_holonym	http://honk.org/canon#partOf	edge	nonidentity	swap	
http://honk.org/src#wn.part_holonym	http://honk.org/canon#partOf	edge	nonidentity	swap	
http://honk.org/src#wn.member_meronym	http://honk.org/canon#partOf	edge	nonidentity		
http://honk.org/src#wn.substance_meronym	http://honk.org/canon#partOf	edge	nonidentity		
http://honk.org/src#wn.part_meronym	http://honk.org/canon#partOf	edge	nonidentity		
http://honk.org/src#wn.product	http://honk.org/canon#product	edge	identity		
http://honk.org/src#wn.similar	http://honk.org/canon#relatedTo	edge	nonidentity		
http://honk.org/src#wn.also	http://honk.org/canon#relatedTo	edge	nonidentity		
http://honk.org/src#wn.adj_all	http://honk.org/canon#Adjective	pos	nonidentity		
http://honk.org/src#wn.adj	http://honk.org/canon#Adjective	pos	nonidentity		
http://honk.org/src#wn.adj_pert	http://honk.org/canon#RelationalAdjective	pos	nonidentity		
http://honk.org/src#wn.adv	http://honk.org/canon#Adverb	pos	nonidentity		
http://honk.org/src#wn.adv_all	http://honk.org/canon#Adverb	pos	nonidentity		
http://honk.org/src#wn.noun_tops	http://honk.org/canon#BeginningNoun	pos	nonidentity		
http://honk.org/src#wn.noun_act	http://honk.org/canon#AgentNoun	pos	nonidentity		
http://honk.org/src#wn.noun_animal	http://honk.org/canon#AnimalNoun	pos	nonidentity		
http://honk.org/src#wn.noun_artifact	http://honk.org/canon#ArtifactNoun	pos	nonidentity		
http://honk.org/src#wn.noun_attribute	http://honk.org/canon#AttributeNoun	pos	nonidentity		
http://honk.org/src#wn.noun_body	http://honk.org/canon#BodyNoun	pos	nonidentity		
http://honk.org/src#wn.noun_cognition	http://honk.org/canon#CognitionNoun	pos	nonidentity		
http://honk.org/src#wn.noun_communication	http://honk.org/canon#CommunicationNoun	pos	nonidentity		
http://honk.org/src#wn.noun_event	http://honk.org/canon#EventNoun	pos	nonidentity		
http://honk.org/src#wn.noun_feeling	http://honk.org/canon#FeelingNoun	pos	nonidentity		
http://honk.org/src#wn.noun_food	http://honk.org/canon#FoodNoun	pos	nonidentity		
http://honk.org/src#wn.noun_group	http://honk.org/canon#GroupNoun	pos	nonidentity		
http://honk.org/src#wn.noun_location	http://honk.org/canon#LocationNoun	pos	nonidentity		
http://honk.org/src#wn.noun_motive	http://honk.org/canon#MotiveNoun	pos	nonidentity		
http://honk.org/src#wn.noun_object	http://honk.org/canon#ObjectNoun	pos	nonidentity		
http://honk.org/src#wn.noun_person	http://honk.org/canon#PersonNoun	pos	nonidentity		
http://honk.org/src#wn.noun_phenomenon	http://honk.org/canon#PhenomenonNoun	pos	nonidentity		
http://honk.org/src#wn.noun_plant	http://honk.org/canon#PlantNoun	pos	nonidentity		
http://honk.org/src#wn.noun_possession	http://honk.org/canon#PossessionNoun	pos	nonidentity		
http://honk.org/src#wn.noun_process	http://honk.org/canon#ProcessNoun	pos	nonidentity		
http://honk.org/src#wn.noun_quantity	http://honk.org/canon#QuantityNoun	pos	nonidentity		
http://honk.org/src#wn.noun_relation	http://honk.org/canon#RelationNoun	pos	nonidentity		
http://honk.org/src#wn.noun_shape	http://honk.org/canon#ShapeNoun	pos	nonidentity		
http://honk.org/src#wn.noun_state	http://honk.org/canon#StateNoun	pos	nonidentity		
http://honk.org/src#wn.noun_substance	http://honk.org/canon#SubstanceNoun	pos	nonidentity		
http://honk.org/src#wn.noun_time	http://honk.org/canon#TimeNoun	pos	nonidentity		
http://honk.org/src#wn.noun_linkdef	http://honk.org/canon#Noun	pos	nonidentity		
http://honk.org/src#wn.verb_body	http://honk.org/canon#BodyVerb	pos	nonidentity		
http://honk.org/src#wn.verb_change	http://honk.org/canon#ChangeVerb	pos	nonidentity		
http://honk.org/src#wn.verb_cognition	http://honk.org/canon#CognitionVerb	pos	nonidentity		
http://honk.org/src#wn.verb_communication	http://honk.org/canon#CommunicationVerb	pos	nonidentity		
http://honk.org/src#wn.verb_competition	http://honk.org/canon#CompetitionVerb	pos	nonidentity		
http://honk.org/src#wn.verb_consumption	http://honk.org/canon#ConsumptionVerb	pos	nonidentity		
http://honk.org/src#wn.verb_contact	http://honk.org/canon#ContactVerb	pos	nonidentity		
http://honk.org/src#wn.verb_creation	http://honk.org/canon#MaterialisationVerb	pos	nonidentity		
http://honk.org/src#wn.verb_emotion	http://honk.org/canon#EmotionVerb	pos	nonidentity		
http://honk.org/src#wn.verb_motion	http://honk.org/canon#MotionVerb	pos	nonidentity		
http://honk.org/src#wn.verb_perception	http://honk.org/canon#PerceptionVerb	pos	nonidentity		
http://honk.org/src#wn.verb_possession	http://honk.org/canon#PossessionVerb	pos	nonidentity		
http://honk.org/src#wn.verb_social	http://honk.org/canon#SocialVerb	pos	nonidentity		
http://honk.org/src#wn.verb_stative	http://honk.org/canon#StativeVerb	pos	nonidentity		
http://honk.org/src#wn.verb_weather	http://honk.org/canon#WeatherVerb	pos	nonidentity		
http://honk.org/src#wn.adj_ppl	http://honk.org/canon#ParticipleAdjective	pos	nonidentity		
http://honk.org/src#wn.idiom	http://honk.org/canon#Idiom	pos	identity		
