honk:Antonym	honk:neqTo	1	1	1	1
honk:AtLocation	honk:atLocation	1	1	1	1
honk:CapableOf	honk:capableOf	1	1	1	1
honk:Causes	honk:causes	1	1	1	1
honk:CausesDesire	honk:causesDesire	1	1	1	1
honk:CreatedBy	honk:createdBy	1	1	1	1
honk:DefinedAs	honk:definedAs	1	1	1	1
honk:DerivedFrom	honk:derivedFrom	1	1	1	1
honk:Desires	honk:desires	1	1	1	1
honk:DistinctFrom	honk:neqTo	1	1	1	1
honk:Entails	honk:entails	1	1	1	1
honk:EtymologicallyDerivedFrom	honk:etymology	1	1	1	1
honk:EtymologicallyRelatedTo	honk:relatedTo	1	1	1	1
honk:FormOf	honk:formOf	1	1	1	1
honk:HasA	honk:hasA	1	1	1	1
honk:HasContext	honk:hasContext	1	1	1	1
honk:HasFirstSubevent	honk:hasFirstSubevent	1	1	1	1
honk:HasLastSubevent	honk:hasLastSubevent	1	1	1	1
honk:HasPrerequisite	honk:hasPrerequisite	1	1	1	1
honk:HasProperty	honk:hasProperty	1	1	1	1
honk:HasSubevent	honk:hasSubevent	1	1	1	1
honk:InstanceOf	honk:isA	1	1	1	1
honk:IsA	honk:isA	1	1	1	1
honk:LocatedNear	honk:locatedNear	1	1	1	1
honk:MadeOf	honk:madeOf	1	1	1	1
honk:MannerOf	honk:mannerOf	1	1	1	1
honk:MotivatedByGoal	honk:motivatedByGoal	1	1	1	1
honk:PartOf	honk:partOf	1	1	1	1
honk:ReceivesAction	honk:receivesAction	1	1	1	1
honk:RelatedTo	honk:relatedTo	1	1	1	1
honk:SimilarTo	honk:relatedTo	1	1	1	1
honk:SymbolOf	honk:symbolOf	1	1	1	1
honk:Synonym	honk:eq	1	1	1	1
honk:UsedFor	honk:usedFor	1	1	1	1
honk:n	honk:Noun	1	1	1	1
honk:v	honk:Verb	1	1	1	1
honk:a	honk:Adjective	1	1	1	1
honk:s	honk:Adjective	1	1	1	1
honk:r	honk:Adverb	1	1	1	1
honk:c	honk:Concept	1	1	1	1
honk:antonyms	honk:neqTo	1	1	1	1
honk:hypernyms	honk:isA	1	1	1	1
honk:related	honk:relatedTo	1	1	1	1
honk:synonyms	honk:eq	1	1	1	1
honk:form_of	honk:formOf	1	1	1	1
honk:alt_of	honk:formOf	1	1	1	1
honk:holonyms	honk:partOf	1	1	1	1
honk:affix	honk:Affix	1	1	1	1
honk:circumfix	honk:Circumfix	1	1	1	1
honk:adj	honk:Adjective	1	1	1	1
honk:Adj	honk:Adjective	1	1	1	1
honk:adjective	honk:Adjective	1	1	1	1
honk:pron	honk:Pronoun	1	1	1	1
honk:name	honk:Pronoun	1	1	1	1
honk:noun	honk:Noun	1	1	1	1
honk:character	honk:Character	1	1	1	1
honk:verb	honk:Verb	1	1	1	1
honk:adv	honk:Adverb	1	1	1	1
honk:Adv	honk:Adverb	1	1	1	1
honk:intj	honk:Interjection	1	1	1	1
honk:prep	honk:Preposition	1	1	1	1
honk:combining_form	honk:CombiningForm	1	1	1	1
honk:postp	honk:Postposition	1	1	1	1
honk:prep_phrase	honk:PrepositionalPhrase	1	1	1	1
honk:conj	honk:Conjunction	1	1	1	1
honk:det	honk:Determiner	1	1	1	1
honk:punct	honk:Punctuation	1	1	1	1
honk:num	honk:Number	1	1	1	1
honk:adv_phrase	honk:AdverbialPhrase	1	1	1	1
honk:symbol	honk:Symbol	1	1	1	1
honk:prefix	honk:Prefix	1	1	1	1
honk:particle	honk:Particle	1	1	1	1
honk:article	honk:Article	1	1	1	1
honk:phrase	honk:Phrase	1	1	1	1
honk:suffix	honk:Suffix	1	1	1	1
honk:proverb	honk:Proverb	1	1	1	1
honk:contraction	honk:Contraction	1	1	1	1
honk:infix	honk:Infix	1	1	1	1
honk:interfix	honk:Interfix	1	1	1	1
honk:antonym	honk:neqTo	1	1	1	1
honk:attribute	honk:hasProperty	1	1	1	1
honk:domain_member_region	honk:relatedTo	1	1	1	1
honk:domain_member_category	honk:relatedTo	1	1	1	1
honk:hypernym	honk:isA	1	1	1	1
honk:instance_hypernym	honk:isA	1	1	1	1
honk:compositeFormWith	honk:compositeFormWith	1	1	1	1
honk:member_meronym	honk:partOf	1	1	1	1
honk:substance_meronym	honk:partOf	1	1	1	1
honk:part_meronym	honk:partOf	1	1	1	1
honk:product	honk:product	1	1	1	1
honk:similar	honk:relatedTo	1	1	1	1
honk:also	honk:relatedTo	1	1	1	1
honk:adj.all	honk:Adjective	1	1	1	1
honk:adj	honk:Adjective	1	1	1	1
honk:adj.pert	honk:RelationalAdjective	1	1	1	1
honk:adv	honk:Adverb	1	1	1	1
honk:adv.all	honk:Adverb	1	1	1	1
honk:noun.tops	honk:BeginningNoun	1	1	1	1
honk:noun.act	honk:AgentNoun	1	1	1	1
honk:noun.animal	honk:AnimalNoun	1	1	1	1
honk:noun.artifact	honk:ArtifactNoun	1	1	1	1
honk:noun.attribute	honk:AttributeNoun	1	1	1	1
honk:noun.body	honk:BodyNoun	1	1	1	1
honk:noun.cognition	honk:CognitionNoun	1	1	1	1
honk:noun.communication	honk:CommunicationNoun	1	1	1	1
honk:noun.event	honk:EventNoun	1	1	1	1
honk:noun.feeling	honk:FeelingNoun	1	1	1	1
honk:noun.food	honk:FoodNoun	1	1	1	1
honk:noun.group	honk:GroupNoun	1	1	1	1
honk:noun.location	honk:LocationNoun	1	1	1	1
honk:noun.motive	honk:MotiveNoun	1	1	1	1
honk:noun.object	honk:ObjectNoun	1	1	1	1
honk:noun.person	honk:PersonNoun	1	1	1	1
honk:noun.phenomenon	honk:PhenomenonNoun	1	1	1	1
honk:noun.plant	honk:PlantNoun	1	1	1	1
honk:noun.possession	honk:PossessionNoun	1	1	1	1
honk:noun.process	honk:ProcessNoun	1	1	1	1
honk:noun.quantity	honk:QuantityNoun	1	1	1	1
honk:noun.relation	honk:RelationNoun	1	1	1	1
honk:noun.shape	honk:ShapeNoun	1	1	1	1
honk:noun.state	honk:StateNoun	1	1	1	1
honk:noun.substance	honk:SubstanceNoun	1	1	1	1
honk:noun.time	honk:TimeNoun	1	1	1	1
honk:noun.linkdef	honk:Noun	1	1	1	1
honk:verb.body	honk:BodyVerb	1	1	1	1
honk:verb.change	honk:ChangeVerb	1	1	1	1
honk:verb.cognition	honk:CognitionVerb	1	1	1	1
honk:verb.communication	honk:CommunicationVerb	1	1	1	1
honk:verb.competition	honk:CompetitionVerb	1	1	1	1
honk:verb.consumption	honk:ConsumptionVerb	1	1	1	1
honk:verb.contact	honk:ContactVerb	1	1	1	1
honk:verb.creation	honk:MaterialisationVerb	1	1	1	1
honk:verb.emotion	honk:EmotionVerb	1	1	1	1
honk:verb.motion	honk:MotionVerb	1	1	1	1
honk:verb.perception	honk:PerceptionVerb	1	1	1	1
honk:verb.possession	honk:PossessionVerb	1	1	1	1
honk:verb.social	honk:SocialVerb	1	1	1	1
honk:verb.stative	honk:StativeVerb	1	1	1	1
honk:verb.weather	honk:WeatherVerb	1	1	1	1
honk:adj.ppl	honk:ParticipleAdjective	1	1	1	1
honk:idiom	honk:Idiom	1	1	1	1
